-- MySQL dump 10.13  Distrib 5.5.54, for debian-linux-gnu (x86_64)
--
-- Host: localhost    Database: overturnclass
-- ------------------------------------------------------
-- Server version	5.5.54-0ubuntu0.14.04.1

/*!40101 SET @OLD_CHARACTER_SET_CLIENT=@@CHARACTER_SET_CLIENT */;
/*!40101 SET @OLD_CHARACTER_SET_RESULTS=@@CHARACTER_SET_RESULTS */;
/*!40101 SET @OLD_COLLATION_CONNECTION=@@COLLATION_CONNECTION */;
/*!40101 SET NAMES utf8 */;
/*!40103 SET @OLD_TIME_ZONE=@@TIME_ZONE */;
/*!40103 SET TIME_ZONE='+00:00' */;
/*!40014 SET @OLD_UNIQUE_CHECKS=@@UNIQUE_CHECKS, UNIQUE_CHECKS=0 */;
/*!40014 SET @OLD_FOREIGN_KEY_CHECKS=@@FOREIGN_KEY_CHECKS, FOREIGN_KEY_CHECKS=0 */;
/*!40101 SET @OLD_SQL_MODE=@@SQL_MODE, SQL_MODE='NO_AUTO_VALUE_ON_ZERO' */;
/*!40111 SET @OLD_SQL_NOTES=@@SQL_NOTES, SQL_NOTES=0 */;

--
-- Table structure for table `TeacherToPerson`
--

DROP TABLE IF EXISTS `TeacherToPerson`;
/*!40101 SET @saved_cs_client     = @@character_set_client */;
/*!40101 SET character_set_client = utf8 */;
CREATE TABLE `TeacherToPerson` (
  `id` int(10) NOT NULL AUTO_INCREMENT,
  `courseID` int(10) NOT NULL,
  `student` int(10) NOT NULL,
  `score` int(10) NOT NULL,
  `scoreType` int(1) NOT NULL,
  `classID` int(10) NOT NULL,
  `taskID` int(10) NOT NULL,
  PRIMARY KEY (`id`)
) ENGINE=InnoDB AUTO_INCREMENT=16 DEFAULT CHARSET=latin1;
/*!40101 SET character_set_client = @saved_cs_client */;

--
-- Dumping data for table `TeacherToPerson`
--

LOCK TABLES `TeacherToPerson` WRITE;
/*!40000 ALTER TABLE `TeacherToPerson` DISABLE KEYS */;
INSERT INTO `TeacherToPerson` VALUES (10,60,55,0,0,71,172),(11,60,88,0,0,71,172),(12,60,92,0,1,71,172),(13,60,65,10,1,71,169),(14,67,104,3,0,78,202),(15,67,105,5,1,78,202);
/*!40000 ALTER TABLE `TeacherToPerson` ENABLE KEYS */;
UNLOCK TABLES;

--
-- Table structure for table `class`
--

DROP TABLE IF EXISTS `class`;
/*!40101 SET @saved_cs_client     = @@character_set_client */;
/*!40101 SET character_set_client = utf8 */;
CREATE TABLE `class` (
  `id` int(11) NOT NULL AUTO_INCREMENT,
  `className` varchar(50) NOT NULL,
  `courseID` int(20) NOT NULL,
  `selectKey` varchar(20) NOT NULL,
  `ifgroup` int(1) NOT NULL DEFAULT '1',
  `iftaskgroup` int(2) NOT NULL DEFAULT '0',
  PRIMARY KEY (`id`),
  UNIQUE KEY `selectKey` (`selectKey`)
) ENGINE=InnoDB AUTO_INCREMENT=80 DEFAULT CHARSET=utf8;
/*!40101 SET character_set_client = @saved_cs_client */;

--
-- Dumping data for table `class`
--

LOCK TABLES `class` WRITE;
/*!40000 ALTER TABLE `class` DISABLE KEYS */;
INSERT INTO `class` VALUES (62,'1st',52,'ilovejava',0,1),(63,'adasf',53,'eeww',0,0),(64,'Jejs',54,'Jsjs',1,0),(78,'教学1班',67,'hit213',0,1),(79,'一班',68,'ilovejava2',1,0);
/*!40000 ALTER TABLE `class` ENABLE KEYS */;
UNLOCK TABLES;

--
-- Table structure for table `classstudentinfo`
--

DROP TABLE IF EXISTS `classstudentinfo`;
/*!40101 SET @saved_cs_client     = @@character_set_client */;
/*!40101 SET character_set_client = utf8 */;
CREATE TABLE `classstudentinfo` (
  `id` int(10) NOT NULL AUTO_INCREMENT,
  `classID` int(10) NOT NULL,
  `studentID` int(10) NOT NULL,
  `paper` float NOT NULL DEFAULT '0',
  `ppt` float NOT NULL DEFAULT '0',
  `speak` float NOT NULL DEFAULT '0',
  `answer` float NOT NULL DEFAULT '0',
  `absence` int(3) NOT NULL DEFAULT '0',
  `nocontribution` int(3) NOT NULL DEFAULT '0',
  PRIMARY KEY (`id`)
) ENGINE=InnoDB AUTO_INCREMENT=68 DEFAULT CHARSET=latin1;
/*!40101 SET character_set_client = @saved_cs_client */;

--
-- Dumping data for table `classstudentinfo`
--

LOCK TABLES `classstudentinfo` WRITE;
/*!40000 ALTER TABLE `classstudentinfo` DISABLE KEYS */;
INSERT INTO `classstudentinfo` VALUES (12,63,55,0,0,0,0,0,0),(13,71,55,0,1,0.5,0,0,0),(14,63,56,0,0,0,0,0,0),(15,62,57,0,0,0,0,0,0),(16,62,59,1,1,1,1,0,0),(17,62,58,0,0.25,1,1,0,0),(18,62,60,0.2,0.4,0,0,0,0),(19,62,61,0,0,0,0,0,0),(20,62,62,0,0,0,0,0,0),(21,62,63,0.2,0.2,0,1,0,0),(22,62,55,0,0,0,0,0,0),(23,62,66,0,0,0,0,0,0),(24,62,67,0,0,0,0,0,0),(25,62,68,0,0,0,0,0,0),(26,62,69,0,0.25,0,0,0,0),(27,62,70,0,1,0,0,0,0),(28,62,71,0,0,0,0,0,0),(29,62,72,0,0.25,0,0,0,0),(30,62,73,0,0.25,0,0,0,0),(31,62,74,0,0,0,0,0,0),(32,62,75,0,0,0,0,0,0),(33,62,76,0.2,0.2,1,0,0,0),(34,62,77,0.2,0.2,0,0,0,0),(35,62,78,0,0,0,0,0,0),(36,62,79,0.2,0.2,0,0,0,0),(37,62,80,0.2,0.2,0,0,0,0),(38,62,81,0,0,0,0,0,0),(39,62,82,0,1,0,0,0,0),(40,62,83,0,0,1,2,0,0),(41,62,84,0,0,3,1,0,0),(42,62,85,0,0,0,0,0,0),(43,62,86,0.2,0.4,0,0,0,0),(44,62,87,0,0,0,0,0,0),(45,71,88,1,0,0,1,0,0),(46,62,89,0.2,0.4,0,0,0,0),(47,62,90,0.2,0.4,0,0,0,0),(48,62,91,0.2,0.4,3,2,0,0),(49,71,92,0,0,0.5,0,1,0),(50,72,55,0,0,0,0,0,0),(51,74,55,0,0,0,0,0,0),(52,74,97,1,1,1,1,0,0),(53,74,92,0,0,0,0,0,0),(54,74,88,0,0,0,0,0,0),(55,62,98,0,0,0,0,0,0),(56,62,99,0,0,0,0,0,0),(57,71,100,1,1,1,1,1,0),(58,71,97,0,0,0,0,0,0),(59,71,65,0,0,0,0,0,0),(60,72,65,0,0,0,0,0,0),(61,78,102,0,0,0,0,1,0),(62,78,103,0,0,0,0,0,0),(63,78,104,0,0,0,0,1,0),(64,78,105,0,0,0,0,2,0),(65,78,106,0,0,0,0,2,0),(66,78,56,0,0,0,0,1,0),(67,78,92,0,0,0,0,0,0);
/*!40000 ALTER TABLE `classstudentinfo` ENABLE KEYS */;
UNLOCK TABLES;

--
-- Table structure for table `course`
--

DROP TABLE IF EXISTS `course`;
/*!40101 SET @saved_cs_client     = @@character_set_client */;
/*!40101 SET character_set_client = utf8 */;
CREATE TABLE `course` (
  `id` int(11) NOT NULL AUTO_INCREMENT,
  `courseName` varchar(50) NOT NULL,
  `teacherID` varchar(50) NOT NULL,
  `maxgrouphead` int(100) NOT NULL DEFAULT '5',
  `ratercount` int(10) NOT NULL,
  `ifrule` int(1) NOT NULL DEFAULT '-1',
  `ifteacherscore` int(1) NOT NULL DEFAULT '0',
  PRIMARY KEY (`id`),
  UNIQUE KEY `courseName` (`courseName`,`teacherID`)
) ENGINE=InnoDB AUTO_INCREMENT=69 DEFAULT CHARSET=utf8;
/*!40101 SET character_set_client = @saved_cs_client */;

--
-- Dumping data for table `course`
--

LOCK TABLES `course` WRITE;
/*!40000 ALTER TABLE `course` DISABLE KEYS */;
INSERT INTO `course` VALUES (52,'Java','omCoa0XuZeqwMRJdt85BQt2FMEoE',5,5,1,0),(67,'小程序初级入门','omCoa0Xm7tnv-DwYRMH9cQH-APcY',5,2,1,1),(68,'小程序','omCoa0XuZeqwMRJdt85BQt2FMEoE',5,18,1,0);
/*!40000 ALTER TABLE `course` ENABLE KEYS */;
UNLOCK TABLES;

--
-- Table structure for table `courserule`
--

DROP TABLE IF EXISTS `courserule`;
/*!40101 SET @saved_cs_client     = @@character_set_client */;
/*!40101 SET character_set_client = utf8 */;
CREATE TABLE `courserule` (
  `id` int(10) NOT NULL AUTO_INCREMENT,
  `courseID` int(10) NOT NULL,
  `ruleID` int(10) NOT NULL,
  PRIMARY KEY (`id`)
) ENGINE=InnoDB AUTO_INCREMENT=229 DEFAULT CHARSET=latin1;
/*!40101 SET character_set_client = @saved_cs_client */;

--
-- Dumping data for table `courserule`
--

LOCK TABLES `courserule` WRITE;
/*!40000 ALTER TABLE `courserule` DISABLE KEYS */;
INSERT INTO `courserule` VALUES (201,61,23),(202,61,24),(203,61,22),(204,61,25),(205,63,23),(206,63,25),(207,63,22),(208,63,24),(212,52,29),(213,52,30),(214,52,31),(215,52,32),(216,52,33),(217,60,29),(218,60,30),(219,60,31),(220,60,32),(221,60,33),(222,64,29),(223,68,31),(224,68,30),(225,68,33),(226,67,29),(227,67,31),(228,67,30);
/*!40000 ALTER TABLE `courserule` ENABLE KEYS */;
UNLOCK TABLES;

--
-- Table structure for table `groupmember`
--

DROP TABLE IF EXISTS `groupmember`;
/*!40101 SET @saved_cs_client     = @@character_set_client */;
/*!40101 SET character_set_client = utf8 */;
CREATE TABLE `groupmember` (
  `id` int(10) NOT NULL AUTO_INCREMENT,
  `groupID` int(10) NOT NULL,
  `studentID` int(10) NOT NULL,
  `memberIndex` int(10) NOT NULL,
  `classID` int(10) NOT NULL,
  PRIMARY KEY (`id`)
) ENGINE=InnoDB AUTO_INCREMENT=312 DEFAULT CHARSET=latin1;
/*!40101 SET character_set_client = @saved_cs_client */;

--
-- Dumping data for table `groupmember`
--

LOCK TABLES `groupmember` WRITE;
/*!40000 ALTER TABLE `groupmember` DISABLE KEYS */;
INSERT INTO `groupmember` VALUES (87,216,55,2,71),(214,192,55,2,63),(228,192,56,1,63),(231,233,57,1,62),(232,232,59,4,62),(233,234,60,1,62),(238,235,61,3,62),(240,236,58,2,62),(241,237,62,1,62),(242,238,63,1,62),(245,233,66,3,62),(260,233,67,5,62),(261,236,69,3,62),(264,235,70,2,62),(267,232,71,3,62),(268,235,68,4,62),(270,236,72,4,62),(271,236,73,5,62),(272,235,74,5,62),(273,237,75,2,62),(274,238,76,2,62),(275,238,77,3,62),(276,232,78,5,62),(277,238,79,4,62),(278,238,80,5,62),(280,232,81,2,62),(281,233,82,2,62),(282,233,83,4,62),(283,235,84,1,62),(284,237,85,3,62),(285,234,86,2,62),(286,237,87,4,62),(287,216,88,1,71),(288,234,89,3,62),(289,234,90,4,62),(290,234,91,5,62),(291,216,92,3,71),(292,239,55,1,72),(293,244,55,2,74),(294,246,97,2,74),(295,244,92,1,74),(299,248,88,2,74),(300,232,98,1,62),(301,237,99,5,62),(302,212,100,1,71),(303,214,97,2,71),(304,218,65,1,71),(305,240,65,1,72),(306,253,104,3,78),(307,252,103,3,78),(310,253,105,2,78),(311,254,56,2,78);
/*!40000 ALTER TABLE `groupmember` ENABLE KEYS */;
UNLOCK TABLES;

--
-- Table structure for table `groups`
--

DROP TABLE IF EXISTS `groups`;
/*!40101 SET @saved_cs_client     = @@character_set_client */;
/*!40101 SET character_set_client = utf8 */;
CREATE TABLE `groups` (
  `id` int(10) NOT NULL AUTO_INCREMENT,
  `classID` int(10) NOT NULL,
  PRIMARY KEY (`id`)
) ENGINE=InnoDB AUTO_INCREMENT=257 DEFAULT CHARSET=utf8;
/*!40101 SET character_set_client = @saved_cs_client */;

--
-- Dumping data for table `groups`
--

LOCK TABLES `groups` WRITE;
/*!40000 ALTER TABLE `groups` DISABLE KEYS */;
INSERT INTO `groups` VALUES (189,63),(190,63),(191,63),(192,63),(193,63),(194,63),(195,63),(196,63),(197,63),(198,63),(199,63),(200,63),(201,63),(202,63),(203,63),(204,63),(205,63),(207,63),(208,63),(209,63),(210,63),(211,70),(212,71),(213,70),(214,71),(215,70),(216,71),(217,70),(218,71),(232,62),(233,62),(234,62),(235,62),(236,62),(237,62),(238,62),(239,72),(240,72),(241,72),(242,72),(243,72),(244,74),(245,75),(246,74),(247,75),(248,74),(249,75),(250,74),(251,75),(252,78),(253,78),(254,78),(255,78),(256,78);
/*!40000 ALTER TABLE `groups` ENABLE KEYS */;
UNLOCK TABLES;

--
-- Table structure for table `groupscore`
--

DROP TABLE IF EXISTS `groupscore`;
/*!40101 SET @saved_cs_client     = @@character_set_client */;
/*!40101 SET character_set_client = utf8 */;
CREATE TABLE `groupscore` (
  `id` int(10) NOT NULL AUTO_INCREMENT,
  `groupID` int(10) NOT NULL,
  `taskID` int(10) NOT NULL,
  `scoreType` int(10) NOT NULL,
  `score` int(10) NOT NULL,
  `handlegroupID` int(10) NOT NULL,
  `handlestudent` int(11) NOT NULL,
  `teacherset` int(1) NOT NULL DEFAULT '0',
  PRIMARY KEY (`id`)
) ENGINE=InnoDB AUTO_INCREMENT=903 DEFAULT CHARSET=utf8;
/*!40101 SET character_set_client = @saved_cs_client */;

--
-- Dumping data for table `groupscore`
--

LOCK TABLES `groupscore` WRITE;
/*!40000 ALTER TABLE `groupscore` DISABLE KEYS */;
INSERT INTO `groupscore` VALUES (80,242,197,22,2,239,55,0),(81,243,197,23,1,239,55,0),(82,242,197,25,2,239,55,0),(83,218,171,22,2,-1,-1,1),(84,214,171,23,3,-1,-1,1),(85,218,171,25,2,-1,-1,1),(86,218,171,28,6,-1,-1,1),(87,212,171,24,2,-1,-1,1),(88,214,170,22,2,216,92,0),(89,212,170,23,3,216,92,0),(90,214,170,25,2,216,92,0),(91,214,170,22,2,216,88,0),(92,212,170,23,2,216,88,0),(93,214,170,25,3,216,88,0),(94,216,169,22,3,214,97,0),(95,218,169,23,5,214,97,0),(96,216,169,25,4,214,97,0),(97,212,172,28,6,216,92,0),(98,218,172,24,4,216,92,0),(99,212,172,28,5,216,55,0),(100,218,172,24,2,216,55,0),(101,218,171,28,4,214,97,0),(102,212,171,24,4,214,97,0),(103,233,186,29,0,234,91,0),(104,233,186,30,0,234,91,0),(105,233,186,31,0,234,91,0),(106,233,186,29,10,236,72,0),(107,233,186,30,3,236,72,0),(108,233,186,31,2,236,72,0),(109,233,186,29,9,232,59,0),(110,233,186,30,3,232,59,0),(111,233,186,31,2,232,59,0),(112,233,186,29,10,237,62,0),(113,233,186,30,3,237,62,0),(114,233,186,31,2,237,62,0),(115,233,186,29,10,234,90,0),(116,233,186,30,3,234,90,0),(117,233,186,31,2,234,90,0),(118,233,186,29,9,232,81,0),(119,233,186,30,3,232,81,0),(120,233,186,31,2,232,81,0),(121,233,186,29,10,236,58,0),(122,233,186,30,3,236,58,0),(123,233,186,31,2,236,58,0),(124,233,186,29,10,237,85,0),(125,233,186,30,3,237,85,0),(126,233,186,31,2,237,85,0),(127,233,186,29,9,237,75,0),(128,233,186,30,2,237,75,0),(129,233,186,31,2,237,75,0),(130,233,186,29,9,232,71,0),(131,233,186,30,3,232,71,0),(132,233,186,31,2,232,71,0),(133,233,186,29,10,236,73,0),(134,233,186,30,3,236,73,0),(135,233,186,31,2,236,73,0),(136,233,186,29,8,232,78,0),(137,233,186,30,3,232,78,0),(138,233,186,31,2,232,78,0),(139,232,186,32,1,235,84,0),(140,234,186,32,2,235,84,0),(141,236,186,32,1,235,84,0),(142,237,186,32,1,235,84,0),(143,238,186,32,1,235,84,0),(144,232,186,33,2,235,84,0),(145,234,186,33,3,235,84,0),(146,236,186,33,2,235,84,0),(147,237,186,33,3,235,84,0),(148,238,186,33,2,235,84,0),(149,233,186,29,9,238,80,0),(150,233,186,30,3,238,80,0),(151,233,186,31,1,238,80,0),(152,233,186,29,9,238,76,0),(153,233,186,30,3,238,76,0),(154,233,186,31,2,238,76,0),(155,233,186,29,10,234,89,0),(156,233,186,30,3,234,89,0),(157,233,186,31,2,234,89,0),(158,232,186,32,2,235,74,0),(159,234,186,32,2,235,74,0),(160,236,186,32,1,235,74,0),(161,237,186,32,1,235,74,0),(162,238,186,32,1,235,74,0),(163,232,186,33,2,235,74,0),(164,234,186,33,3,235,74,0),(165,236,186,33,2,235,74,0),(166,237,186,33,3,235,74,0),(167,238,186,33,2,235,74,0),(168,237,187,29,10,235,84,0),(169,237,187,30,2,235,84,0),(170,237,187,31,2,235,84,0),(171,237,187,29,8,235,68,0),(172,237,187,30,3,235,68,0),(173,237,187,31,1,235,68,0),(174,237,187,29,7,235,74,0),(175,237,187,30,2,235,74,0),(176,237,187,31,2,235,74,0),(177,237,187,29,6,-1,-1,1),(178,237,187,30,2,-1,-1,1),(179,237,187,31,1,-1,-1,1),(180,232,187,32,1,-1,-1,1),(181,233,187,32,0,-1,-1,1),(182,235,187,32,0,-1,-1,1),(183,236,187,32,0,-1,-1,1),(184,238,187,32,0,-1,-1,1),(185,232,187,33,0,-1,-1,1),(186,233,187,33,0,-1,-1,1),(187,235,187,33,0,-1,-1,1),(188,236,187,33,0,-1,-1,1),(189,238,187,33,0,-1,-1,1),(190,237,187,29,9,238,76,0),(191,237,187,30,3,238,76,0),(192,237,187,31,2,238,76,0),(193,237,187,29,8,232,59,0),(194,237,187,30,2,232,59,0),(195,237,187,31,1,232,59,0),(196,237,187,29,7,232,71,0),(197,237,187,30,3,232,71,0),(198,237,187,31,2,232,71,0),(199,237,187,29,9,232,78,0),(200,237,187,30,2,232,78,0),(201,237,187,31,2,232,78,0),(202,237,187,29,7,238,77,0),(203,237,187,30,3,238,77,0),(204,237,187,31,1,238,77,0),(205,237,187,29,8,236,73,0),(206,237,187,30,2,236,73,0),(207,237,187,31,2,236,73,0),(208,237,187,29,8,235,61,0),(209,237,187,30,2,235,61,0),(210,237,187,31,1,235,61,0),(211,237,187,29,8,236,72,0),(212,237,187,30,3,236,72,0),(213,237,187,31,2,236,72,0),(214,237,187,29,9,238,80,0),(215,237,187,30,3,238,80,0),(216,237,187,31,2,238,80,0),(217,237,187,29,7,232,81,0),(218,237,187,30,3,232,81,0),(219,237,187,31,2,232,81,0),(220,237,187,29,7,236,58,0),(221,237,187,30,2,236,58,0),(222,237,187,31,2,236,58,0),(223,237,187,29,8,233,82,0),(224,237,187,30,2,233,82,0),(225,237,187,31,1,233,82,0),(226,237,187,29,7,238,63,0),(227,237,187,30,2,238,63,0),(228,237,187,31,2,238,63,0),(229,237,187,29,8,233,57,0),(230,237,187,30,3,233,57,0),(231,237,187,31,2,233,57,0),(232,237,187,29,6,238,79,0),(233,237,187,30,2,238,79,0),(234,237,187,31,2,238,79,0),(235,232,187,32,1,234,89,0),(236,233,187,32,1,234,89,0),(237,235,187,32,1,234,89,0),(238,236,187,32,1,234,89,0),(239,238,187,32,1,234,89,0),(240,232,187,33,2,234,89,0),(241,233,187,33,2,234,89,0),(242,235,187,33,2,234,89,0),(243,236,187,33,2,234,89,0),(244,238,187,33,2,234,89,0),(245,237,187,29,5,232,98,0),(246,237,187,30,1,232,98,0),(247,237,187,31,1,232,98,0),(248,232,187,32,1,234,86,0),(249,233,187,32,1,234,86,0),(250,235,187,32,1,234,86,0),(251,236,187,32,1,234,86,0),(252,238,187,32,1,234,86,0),(253,232,187,33,2,234,86,0),(254,233,187,33,2,234,86,0),(255,235,187,33,2,234,86,0),(256,236,187,33,2,234,86,0),(257,238,187,33,2,234,86,0),(258,237,187,29,6,235,70,0),(259,237,187,30,1,235,70,0),(260,237,187,31,1,235,70,0),(261,232,187,32,1,234,91,0),(262,233,187,32,1,234,91,0),(263,235,187,32,1,234,91,0),(264,236,187,32,1,234,91,0),(265,238,187,32,1,234,91,0),(266,232,187,33,2,234,91,0),(267,233,187,33,2,234,91,0),(268,235,187,33,2,234,91,0),(269,236,187,33,2,234,91,0),(270,238,187,33,2,234,91,0),(271,232,187,32,1,234,90,0),(272,233,187,32,1,234,90,0),(273,235,187,32,1,234,90,0),(274,236,187,32,1,234,90,0),(275,238,187,32,1,234,90,0),(276,232,187,33,3,234,90,0),(277,233,187,33,3,234,90,0),(278,235,187,33,3,234,90,0),(279,236,187,33,3,234,90,0),(280,238,187,33,3,234,90,0),(281,236,188,29,9,237,99,0),(282,236,188,30,3,237,99,0),(283,236,188,31,2,237,99,0),(284,236,188,29,6,235,70,0),(285,236,188,30,2,235,70,0),(286,236,188,31,2,235,70,0),(287,236,188,29,8,233,67,0),(288,236,188,30,3,233,67,0),(289,236,188,31,2,233,67,0),(290,236,188,29,9,233,66,0),(291,236,188,30,3,233,66,0),(292,236,188,31,2,233,66,0),(293,236,188,29,8,235,84,0),(294,236,188,30,3,235,84,0),(295,236,188,31,2,235,84,0),(296,236,188,29,6,-1,-1,1),(297,236,188,30,3,-1,-1,1),(298,236,188,31,1,-1,-1,1),(299,233,188,32,0,-1,-1,1),(300,234,188,32,0,-1,-1,1),(301,235,188,32,0,-1,-1,1),(302,237,188,32,0,-1,-1,1),(303,238,188,32,0,-1,-1,1),(304,233,188,33,0,-1,-1,1),(305,234,188,33,0,-1,-1,1),(306,235,188,33,0,-1,-1,1),(307,237,188,33,0,-1,-1,1),(308,238,188,33,0,-1,-1,1),(309,236,188,29,9,238,76,0),(310,236,188,30,3,238,76,0),(311,236,188,31,2,238,76,0),(312,236,188,29,8,235,61,0),(313,236,188,30,3,235,61,0),(314,236,188,31,1,235,61,0),(315,236,188,29,7,235,74,0),(316,236,188,30,3,235,74,0),(317,236,188,31,2,235,74,0),(318,236,188,29,7,238,80,0),(319,236,188,30,3,238,80,0),(320,236,188,31,2,238,80,0),(321,236,188,29,8,235,68,0),(322,236,188,30,2,235,68,0),(323,236,188,31,2,235,68,0),(324,236,188,29,8,237,62,0),(325,236,188,30,2,237,62,0),(326,236,188,31,2,237,62,0),(327,236,188,29,7,238,77,0),(328,236,188,30,3,238,77,0),(329,236,188,31,2,238,77,0),(330,233,188,32,1,232,78,0),(331,234,188,32,1,232,78,0),(332,235,188,32,2,232,78,0),(333,237,188,32,2,232,78,0),(334,238,188,32,1,232,78,0),(335,233,188,33,3,232,78,0),(336,234,188,33,2,232,78,0),(337,235,188,33,3,232,78,0),(338,237,188,33,2,232,78,0),(339,238,188,33,2,232,78,0),(340,236,188,29,10,233,57,0),(341,236,188,30,3,233,57,0),(342,236,188,31,2,233,57,0),(343,233,188,32,1,232,98,0),(344,234,188,32,1,232,98,0),(345,235,188,32,2,232,98,0),(346,237,188,32,1,232,98,0),(347,238,188,32,1,232,98,0),(348,233,188,33,3,232,98,0),(349,234,188,33,2,232,98,0),(350,235,188,33,3,232,98,0),(351,237,188,33,2,232,98,0),(352,238,188,33,2,232,98,0),(353,233,188,32,1,232,98,0),(354,234,188,32,1,232,98,0),(355,235,188,32,2,232,98,0),(356,237,188,32,1,232,98,0),(357,238,188,32,1,232,98,0),(358,233,188,33,3,232,98,0),(359,234,188,33,2,232,98,0),(360,235,188,33,3,232,98,0),(361,237,188,33,2,232,98,0),(362,238,188,33,2,232,98,0),(363,233,188,32,1,232,81,0),(364,234,188,32,1,232,81,0),(365,235,188,32,2,232,81,0),(366,237,188,32,2,232,81,0),(367,238,188,32,1,232,81,0),(368,233,188,33,3,232,81,0),(369,234,188,33,2,232,81,0),(370,235,188,33,3,232,81,0),(371,237,188,33,2,232,81,0),(372,238,188,33,1,232,81,0),(373,233,188,32,1,232,71,0),(374,234,188,32,1,232,71,0),(375,235,188,32,2,232,71,0),(376,237,188,32,2,232,71,0),(377,238,188,32,1,232,71,0),(378,233,188,33,3,232,71,0),(379,234,188,33,2,232,71,0),(380,235,188,33,3,232,71,0),(381,237,188,33,2,232,71,0),(382,238,188,33,1,232,71,0),(383,233,188,32,1,232,98,0),(384,234,188,32,1,232,98,0),(385,235,188,32,2,232,98,0),(386,237,188,32,1,232,98,0),(387,238,188,32,1,232,98,0),(388,233,188,33,3,232,98,0),(389,234,188,33,2,232,98,0),(390,235,188,33,3,232,98,0),(391,237,188,33,2,232,98,0),(392,238,188,33,2,232,98,0),(393,236,188,29,10,233,83,0),(394,236,188,30,3,233,83,0),(395,236,188,31,2,233,83,0),(396,236,188,29,8,238,63,0),(397,236,188,30,2,238,63,0),(398,236,188,31,2,238,63,0),(399,236,188,29,10,234,90,0),(400,236,188,30,2,234,90,0),(401,236,188,31,2,234,90,0),(402,236,188,29,10,233,82,0),(403,236,188,30,3,233,82,0),(404,236,188,31,2,233,82,0),(405,236,188,29,8,234,86,0),(406,236,188,30,2,234,86,0),(407,236,188,31,2,234,86,0),(408,236,188,29,10,237,85,0),(409,236,188,30,3,237,85,0),(410,236,188,31,2,237,85,0),(411,236,188,29,9,234,91,0),(412,236,188,30,3,234,91,0),(413,236,188,31,2,234,91,0),(414,236,188,29,6,234,89,0),(415,236,188,30,3,234,89,0),(416,236,188,31,2,234,89,0),(417,236,188,29,9,237,75,0),(418,236,188,30,2,237,75,0),(419,236,188,31,2,237,75,0),(420,233,188,32,1,232,59,0),(421,234,188,32,1,232,59,0),(422,235,188,32,2,232,59,0),(423,237,188,32,2,232,59,0),(424,238,188,32,1,232,59,0),(425,233,188,33,2,232,59,0),(426,234,188,33,2,232,59,0),(427,235,188,33,3,232,59,0),(428,237,188,33,2,232,59,0),(429,238,188,33,1,232,59,0),(430,236,188,29,6,238,79,0),(431,236,188,30,2,238,79,0),(432,236,188,31,2,238,79,0),(433,235,189,29,10,232,78,0),(434,235,189,30,3,232,78,0),(435,235,189,31,2,232,78,0),(436,235,189,29,8,233,67,0),(437,235,189,30,3,233,67,0),(438,235,189,31,2,233,67,0),(439,235,189,29,9,236,73,0),(440,235,189,30,3,236,73,0),(441,235,189,31,2,236,73,0),(442,235,189,29,10,232,71,0),(443,235,189,30,3,232,71,0),(444,235,189,31,2,232,71,0),(445,235,189,29,10,233,83,0),(446,235,189,30,3,233,83,0),(447,235,189,31,2,233,83,0),(448,235,189,29,10,233,82,0),(449,235,189,30,3,233,82,0),(450,235,189,31,2,233,82,0),(451,235,189,29,10,237,62,0),(452,235,189,30,3,237,62,0),(453,235,189,31,2,237,62,0),(454,235,189,29,10,237,62,0),(455,235,189,30,3,237,62,0),(456,235,189,31,2,237,62,0),(457,235,189,29,10,237,99,0),(458,235,189,30,3,237,99,0),(459,235,189,31,2,237,99,0),(460,235,189,29,10,233,57,0),(461,235,189,30,3,233,57,0),(462,235,189,31,2,233,57,0),(463,235,189,29,10,234,91,0),(464,235,189,30,3,234,91,0),(465,235,189,31,2,234,91,0),(466,235,189,29,8,232,59,0),(467,235,189,30,3,232,59,0),(468,235,189,31,2,232,59,0),(469,235,189,29,5,237,75,0),(470,235,189,30,2,237,75,0),(471,235,189,31,2,237,75,0),(472,235,189,29,9,232,81,0),(473,235,189,30,3,232,81,0),(474,235,189,31,2,232,81,0),(475,235,189,29,6,236,58,0),(476,235,189,30,3,236,58,0),(477,235,189,31,2,236,58,0),(478,235,189,29,10,237,85,0),(479,235,189,30,3,237,85,0),(480,235,189,31,2,237,85,0),(481,235,189,29,8,232,98,0),(482,235,189,30,3,232,98,0),(483,235,189,31,2,232,98,0),(484,235,189,29,9,233,66,0),(485,235,189,30,3,233,66,0),(486,235,189,31,2,233,66,0),(487,235,189,29,10,237,87,0),(488,235,189,30,3,237,87,0),(489,235,189,31,2,237,87,0),(490,235,189,29,10,237,87,0),(491,235,189,30,3,237,87,0),(492,235,189,31,2,237,87,0),(493,235,189,29,6,234,89,0),(494,235,189,30,2,234,89,0),(495,235,189,31,1,234,89,0),(496,235,189,29,10,236,72,0),(497,235,189,30,3,236,72,0),(498,235,189,31,2,236,72,0),(499,232,189,32,2,238,80,0),(500,233,189,32,1,238,80,0),(501,234,189,32,2,238,80,0),(502,236,189,32,1,238,80,0),(503,237,189,32,1,238,80,0),(504,232,189,33,2,238,80,0),(505,233,189,33,2,238,80,0),(506,234,189,33,2,238,80,0),(507,236,189,33,2,238,80,0),(508,237,189,33,2,238,80,0),(509,235,189,29,10,234,90,0),(510,235,189,30,3,234,90,0),(511,235,189,31,2,234,90,0),(512,232,189,32,1,238,79,0),(513,233,189,32,1,238,79,0),(514,234,189,32,2,238,79,0),(515,236,189,32,1,238,79,0),(516,237,189,32,1,238,79,0),(517,232,189,33,3,238,79,0),(518,233,189,33,3,238,79,0),(519,234,189,33,3,238,79,0),(520,236,189,33,3,238,79,0),(521,237,189,33,3,238,79,0),(522,232,189,32,2,238,77,0),(523,233,189,32,0,238,77,0),(524,234,189,32,2,238,77,0),(525,236,189,32,1,238,77,0),(526,237,189,32,1,238,77,0),(527,232,189,33,2,238,77,0),(528,233,189,33,2,238,77,0),(529,234,189,33,2,238,77,0),(530,236,189,33,2,238,77,0),(531,237,189,33,2,238,77,0),(532,232,189,32,2,238,76,0),(533,233,189,32,0,238,76,0),(534,234,189,32,2,238,76,0),(535,236,189,32,1,238,76,0),(536,237,189,32,1,238,76,0),(537,232,189,33,2,238,76,0),(538,233,189,33,0,238,76,0),(539,234,189,33,2,238,76,0),(540,236,189,33,2,238,76,0),(541,237,189,33,2,238,76,0),(542,232,189,32,2,238,63,0),(543,233,189,32,0,238,63,0),(544,234,189,32,2,238,63,0),(545,236,189,32,1,238,63,0),(546,237,189,32,1,238,63,0),(547,232,189,33,2,238,63,0),(548,233,189,33,0,238,63,0),(549,234,189,33,1,238,63,0),(550,236,189,33,2,238,63,0),(551,237,189,33,3,238,63,0),(552,233,186,29,9,-1,-1,1),(553,233,186,30,2,-1,-1,1),(554,233,186,31,1,-1,-1,1),(555,232,186,32,0,-1,-1,1),(556,234,186,32,0,-1,-1,1),(557,236,186,32,0,-1,-1,1),(558,237,186,32,0,-1,-1,1),(559,238,186,32,0,-1,-1,1),(560,232,186,33,0,-1,-1,1),(561,234,186,33,0,-1,-1,1),(562,236,186,33,0,-1,-1,1),(563,237,186,33,0,-1,-1,1),(564,238,186,33,0,-1,-1,1),(565,234,190,29,6,-1,-1,1),(566,234,190,30,2,-1,-1,1),(567,234,190,31,1,-1,-1,1),(568,232,190,32,0,-1,-1,1),(569,233,190,32,0,-1,-1,1),(570,235,190,32,0,-1,-1,1),(571,236,190,32,0,-1,-1,1),(572,238,190,32,0,-1,-1,1),(573,232,190,33,0,-1,-1,1),(574,233,190,33,0,-1,-1,1),(575,235,190,33,0,-1,-1,1),(576,236,190,33,0,-1,-1,1),(577,238,190,33,0,-1,-1,1),(578,234,190,29,10,232,78,0),(579,234,190,30,3,232,78,0),(580,234,190,31,2,232,78,0),(581,234,190,29,8,235,74,0),(582,234,190,30,3,235,74,0),(583,234,190,31,2,235,74,0),(584,234,190,29,9,232,71,0),(585,234,190,30,2,232,71,0),(586,234,190,31,2,232,71,0),(587,234,190,29,8,235,61,0),(588,234,190,30,2,235,61,0),(589,234,190,31,2,235,61,0),(590,234,190,29,7,232,81,0),(591,234,190,30,3,232,81,0),(592,234,190,31,2,232,81,0),(593,234,190,29,3,235,70,0),(594,234,190,30,1,235,70,0),(595,234,190,31,1,235,70,0),(596,234,190,29,10,233,82,0),(597,234,190,30,3,233,82,0),(598,234,190,31,2,233,82,0),(599,234,190,29,10,238,76,0),(600,234,190,30,3,238,76,0),(601,234,190,31,2,238,76,0),(602,234,190,29,8,233,67,0),(603,234,190,30,3,233,67,0),(604,234,190,31,2,233,67,0),(605,234,190,29,8,235,68,0),(606,234,190,30,3,235,68,0),(607,234,190,31,2,235,68,0),(608,234,190,29,8,236,72,0),(609,234,190,30,2,236,72,0),(610,234,190,31,2,236,72,0),(611,234,190,29,8,236,73,0),(612,234,190,30,3,236,73,0),(613,234,190,31,2,236,73,0),(614,234,190,29,8,236,58,0),(615,234,190,30,2,236,58,0),(616,234,190,31,2,236,58,0),(617,234,190,29,9,236,69,0),(618,234,190,30,3,236,69,0),(619,234,190,31,2,236,69,0),(620,234,190,29,9,238,80,0),(621,234,190,30,3,238,80,0),(622,234,190,31,2,238,80,0),(623,238,191,29,10,233,66,0),(624,238,191,30,3,233,66,0),(625,238,191,31,2,233,66,0),(626,232,190,32,1,237,62,0),(627,233,190,32,1,237,62,0),(628,235,190,32,1,237,62,0),(629,236,190,32,1,237,62,0),(630,238,190,32,1,237,62,0),(631,232,190,33,2,237,62,0),(632,233,190,33,2,237,62,0),(633,235,190,33,2,237,62,0),(634,236,190,33,2,237,62,0),(635,238,190,33,2,237,62,0),(636,232,190,32,2,237,99,0),(637,233,190,32,1,237,99,0),(638,235,190,32,1,237,99,0),(639,236,190,32,2,237,99,0),(640,238,190,32,1,237,99,0),(641,232,190,33,3,237,99,0),(642,233,190,33,3,237,99,0),(643,235,190,33,3,237,99,0),(644,236,190,33,3,237,99,0),(645,238,190,33,3,237,99,0),(646,238,191,29,9,237,99,0),(647,238,191,30,3,237,99,0),(648,238,191,31,2,237,99,0),(649,238,191,29,10,-1,-1,1),(650,238,191,30,3,-1,-1,1),(651,238,191,31,1,-1,-1,1),(652,232,191,32,0,-1,-1,1),(653,233,191,32,0,-1,-1,1),(654,234,191,32,0,-1,-1,1),(655,235,191,32,0,-1,-1,1),(656,237,191,32,0,-1,-1,1),(657,232,191,33,0,-1,-1,1),(658,233,191,33,0,-1,-1,1),(659,234,191,33,0,-1,-1,1),(660,235,191,33,0,-1,-1,1),(661,237,191,33,0,-1,-1,1),(662,238,191,29,10,232,78,0),(663,238,191,30,3,232,78,0),(664,238,191,31,2,232,78,0),(665,238,191,29,8,233,67,0),(666,238,191,30,3,233,67,0),(667,238,191,31,2,233,67,0),(668,238,191,29,5,235,70,0),(669,238,191,30,2,235,70,0),(670,238,191,31,1,235,70,0),(671,238,191,29,8,232,71,0),(672,238,191,30,2,232,71,0),(673,238,191,31,2,232,71,0),(674,238,191,29,8,232,59,0),(675,238,191,30,3,232,59,0),(676,238,191,31,2,232,59,0),(677,238,191,29,8,232,98,0),(678,238,191,30,3,232,98,0),(679,238,191,31,2,232,98,0),(680,238,191,29,9,234,90,0),(681,238,191,30,2,234,90,0),(682,238,191,31,2,234,90,0),(683,238,191,29,7,234,86,0),(684,238,191,30,2,234,86,0),(685,238,191,31,2,234,86,0),(686,238,191,29,8,235,74,0),(687,238,191,30,3,235,74,0),(688,238,191,31,2,235,74,0),(689,238,191,29,8,233,82,0),(690,238,191,30,2,233,82,0),(691,238,191,31,1,233,82,0),(692,238,191,29,8,234,91,0),(693,238,191,30,3,234,91,0),(694,238,191,31,2,234,91,0),(695,238,191,29,9,233,57,0),(696,238,191,30,3,233,57,0),(697,238,191,31,2,233,57,0),(698,238,191,29,8,235,68,0),(699,238,191,30,2,235,68,0),(700,238,191,31,2,235,68,0),(701,238,191,29,8,235,68,0),(702,238,191,30,2,235,68,0),(703,238,191,31,2,235,68,0),(704,238,191,29,10,237,85,0),(705,238,191,30,3,237,85,0),(706,238,191,31,2,237,85,0),(707,232,191,32,1,236,72,0),(708,233,191,32,1,236,72,0),(709,234,191,32,1,236,72,0),(710,235,191,32,1,236,72,0),(711,237,191,32,1,236,72,0),(712,232,191,33,3,236,72,0),(713,233,191,33,3,236,72,0),(714,234,191,33,2,236,72,0),(715,235,191,33,2,236,72,0),(716,237,191,33,3,236,72,0),(717,232,191,32,1,236,73,0),(718,233,191,32,2,236,73,0),(719,234,191,32,1,236,73,0),(720,235,191,32,1,236,73,0),(721,237,191,32,1,236,73,0),(722,232,191,33,2,236,73,0),(723,233,191,33,2,236,73,0),(724,234,191,33,2,236,73,0),(725,235,191,33,2,236,73,0),(726,237,191,33,2,236,73,0),(727,238,191,29,8,234,89,0),(728,238,191,30,2,234,89,0),(729,238,191,31,2,234,89,0),(730,238,191,29,8,237,62,0),(731,238,191,30,2,237,62,0),(732,238,191,31,2,237,62,0),(733,238,191,29,7,234,60,0),(734,238,191,30,2,234,60,0),(735,238,191,31,2,234,60,0),(736,238,191,29,7,234,60,0),(737,238,191,30,2,234,60,0),(738,238,191,31,2,234,60,0),(739,232,192,29,10,-1,-1,1),(740,232,192,30,3,-1,-1,1),(741,232,192,31,2,-1,-1,1),(742,234,192,32,0,-1,-1,1),(743,235,192,32,0,-1,-1,1),(744,236,192,32,0,-1,-1,1),(745,237,192,32,0,-1,-1,1),(746,238,192,32,0,-1,-1,1),(747,234,192,33,0,-1,-1,1),(748,235,192,33,0,-1,-1,1),(749,236,192,33,0,-1,-1,1),(750,237,192,33,0,-1,-1,1),(751,238,192,33,0,-1,-1,1),(752,232,192,29,10,238,76,0),(753,232,192,30,3,238,76,0),(754,232,192,31,2,238,76,0),(755,232,192,29,10,235,74,0),(756,232,192,30,3,235,74,0),(757,232,192,31,2,235,74,0),(758,232,192,29,10,237,85,0),(759,232,192,30,3,237,85,0),(760,232,192,31,2,237,85,0),(761,232,192,29,10,235,68,0),(762,232,192,30,3,235,68,0),(763,232,192,31,2,235,68,0),(764,232,191,32,1,236,58,0),(765,233,191,32,1,236,58,0),(766,234,191,32,1,236,58,0),(767,235,191,32,1,236,58,0),(768,237,191,32,1,236,58,0),(769,232,191,33,1,236,58,0),(770,233,191,33,3,236,58,0),(771,234,191,33,2,236,58,0),(772,235,191,33,2,236,58,0),(773,237,191,33,2,236,58,0),(774,232,192,29,7,237,75,0),(775,232,192,30,3,237,75,0),(776,232,192,31,2,237,75,0),(777,232,192,29,10,236,69,0),(778,232,192,30,3,236,69,0),(779,232,192,31,2,236,69,0),(780,232,192,29,10,235,70,0),(781,232,192,30,3,235,70,0),(782,232,192,31,2,235,70,0),(783,232,192,29,9,236,58,0),(784,232,192,30,3,236,58,0),(785,232,192,31,2,236,58,0),(786,232,192,29,10,235,84,0),(787,232,192,30,3,235,84,0),(788,232,192,31,2,235,84,0),(789,232,192,29,10,234,90,0),(790,232,192,30,3,234,90,0),(791,232,192,31,2,234,90,0),(792,234,192,32,1,233,82,0),(793,235,192,32,1,233,82,0),(794,236,192,32,1,233,82,0),(795,237,192,32,1,233,82,0),(796,238,192,32,1,233,82,0),(797,234,192,33,3,233,82,0),(798,235,192,33,3,233,82,0),(799,236,192,33,3,233,82,0),(800,237,192,33,3,233,82,0),(801,238,192,33,3,233,82,0),(802,232,192,29,10,234,91,0),(803,232,192,30,3,234,91,0),(804,232,192,31,2,234,91,0),(805,232,192,29,10,236,72,0),(806,232,192,30,3,236,72,0),(807,232,192,31,2,236,72,0),(808,232,192,29,10,237,99,0),(809,232,192,30,3,237,99,0),(810,232,192,31,2,237,99,0),(811,234,192,32,1,233,66,0),(812,235,192,32,2,233,66,0),(813,236,192,32,1,233,66,0),(814,237,192,32,1,233,66,0),(815,238,192,32,1,233,66,0),(816,234,192,33,3,233,66,0),(817,235,192,33,3,233,66,0),(818,236,192,33,3,233,66,0),(819,237,192,33,3,233,66,0),(820,238,192,33,3,233,66,0),(821,234,192,32,1,233,66,0),(822,235,192,32,2,233,66,0),(823,236,192,32,1,233,66,0),(824,237,192,32,1,233,66,0),(825,238,192,32,1,233,66,0),(826,234,192,33,3,233,66,0),(827,235,192,33,3,233,66,0),(828,236,192,33,3,233,66,0),(829,237,192,33,3,233,66,0),(830,238,192,33,3,233,66,0),(831,234,192,32,1,233,66,0),(832,235,192,32,2,233,66,0),(833,236,192,32,1,233,66,0),(834,237,192,32,1,233,66,0),(835,238,192,32,1,233,66,0),(836,234,192,33,3,233,66,0),(837,235,192,33,3,233,66,0),(838,236,192,33,3,233,66,0),(839,237,192,33,3,233,66,0),(840,238,192,33,3,233,66,0),(841,234,192,32,1,233,66,0),(842,235,192,32,2,233,66,0),(843,236,192,32,1,233,66,0),(844,237,192,32,1,233,66,0),(845,238,192,32,1,233,66,0),(846,234,192,33,3,233,66,0),(847,235,192,33,3,233,66,0),(848,236,192,33,3,233,66,0),(849,237,192,33,3,233,66,0),(850,238,192,33,3,233,66,0),(851,232,192,29,10,235,61,0),(852,232,192,30,3,235,61,0),(853,232,192,31,2,235,61,0),(854,232,192,29,10,235,61,0),(855,232,192,30,3,235,61,0),(856,232,192,31,2,235,61,0),(857,234,192,32,1,233,57,0),(858,235,192,32,1,233,57,0),(859,236,192,32,2,233,57,0),(860,237,192,32,1,233,57,0),(861,238,192,32,1,233,57,0),(862,234,192,33,2,233,57,0),(863,235,192,33,2,233,57,0),(864,236,192,33,3,233,57,0),(865,237,192,33,2,233,57,0),(866,238,192,33,2,233,57,0),(867,232,186,32,2,235,61,0),(868,234,186,32,2,235,61,0),(869,236,186,32,2,235,61,0),(870,237,186,32,1,235,61,0),(871,238,186,32,1,235,61,0),(872,232,186,33,3,235,61,0),(873,234,186,33,3,235,61,0),(874,236,186,33,2,235,61,0),(875,237,186,33,3,235,61,0),(876,238,186,33,2,235,61,0),(877,232,186,32,2,235,68,0),(878,234,186,32,2,235,68,0),(879,236,186,32,1,235,68,0),(880,237,186,32,1,235,68,0),(881,238,186,32,1,235,68,0),(882,232,186,33,2,235,68,0),(883,234,186,33,2,235,68,0),(884,236,186,33,2,235,68,0),(885,237,186,33,2,235,68,0),(886,238,186,33,2,235,68,0),(887,233,186,29,7,238,63,0),(888,233,186,30,2,238,63,0),(889,233,186,31,1,238,63,0),(890,232,186,32,2,235,70,0),(891,234,186,32,2,235,70,0),(892,236,186,32,1,235,70,0),(893,237,186,32,1,235,70,0),(894,238,186,32,1,235,70,0),(895,232,186,33,2,235,70,0),(896,234,186,33,2,235,70,0),(897,236,186,33,2,235,70,0),(898,237,186,33,2,235,70,0),(899,238,186,33,2,235,70,0),(900,253,202,29,5,-1,-1,1),(901,253,202,30,2,-1,-1,1),(902,253,202,31,1,-1,-1,1);
/*!40000 ALTER TABLE `groupscore` ENABLE KEYS */;
UNLOCK TABLES;

--
-- Table structure for table `grouptask`
--

DROP TABLE IF EXISTS `grouptask`;
/*!40101 SET @saved_cs_client     = @@character_set_client */;
/*!40101 SET character_set_client = utf8 */;
CREATE TABLE `grouptask` (
  `id` int(10) NOT NULL AUTO_INCREMENT,
  `taskID` int(10) NOT NULL,
  `defencegroupID` int(10) NOT NULL DEFAULT '-1',
  `managegroupID` int(10) NOT NULL DEFAULT '-1',
  `classID` int(10) NOT NULL DEFAULT '-1',
  `state` int(2) NOT NULL DEFAULT '0',
  `rater` varchar(50) CHARACTER SET utf16 NOT NULL,
  `remark` varchar(500) NOT NULL,
  `hasteachersetscore` int(1) NOT NULL DEFAULT '0',
  PRIMARY KEY (`id`)
) ENGINE=InnoDB AUTO_INCREMENT=221 DEFAULT CHARSET=utf8;
/*!40101 SET character_set_client = @saved_cs_client */;

--
-- Dumping data for table `grouptask`
--

LOCK TABLES `grouptask` WRITE;
/*!40000 ALTER TABLE `grouptask` DISABLE KEYS */;
INSERT INTO `grouptask` VALUES (153,147,-1,-1,63,0,'','',0),(154,148,-1,-1,63,0,'','',0),(155,149,-1,-1,63,0,'','',0),(156,150,-1,-1,63,0,'','',0),(157,151,-1,-1,63,0,'','',0),(158,152,-1,-1,63,0,'','',0),(159,153,-1,-1,63,0,'','',0),(160,154,-1,-1,63,0,'','',0),(161,155,-1,-1,63,0,'','',0),(162,156,-1,-1,63,0,'','',0),(163,157,-1,-1,63,0,'','',0),(164,158,-1,-1,63,0,'','',0),(165,159,-1,-1,63,0,'','',0),(166,160,-1,-1,63,0,'','',0),(167,161,-1,-1,63,0,'','',0),(168,162,-1,-1,63,0,'','',0),(169,163,-1,-1,63,0,'','',0),(170,164,-1,-1,62,0,'','',0),(171,165,-1,-1,63,0,'','',0),(172,166,-1,-1,63,0,'','',0),(173,167,-1,-1,63,0,'','',0),(174,168,-1,-1,63,0,'','',0),(175,169,217,215,70,1,'211#','',0),(176,169,216,218,71,0,'214#','',0),(177,170,211,213,70,0,'215#','',0),(178,170,214,212,71,0,'216#','',0),(179,171,213,211,70,0,'217#','',0),(180,171,218,214,71,0,'212#','',1),(181,172,215,217,70,0,'213#','',0),(182,172,212,216,71,1,'218#','',0),(196,186,233,235,62,0,'232#234#236#237#238#','',1),(197,187,237,234,62,0,'232#233#235#236#238#','',1),(198,188,236,232,62,0,'233#234#235#237#238#','',1),(199,189,235,238,62,0,'232#233#234#236#237#','',0),(200,190,234,237,62,0,'232#233#235#236#238#','',1),(201,191,238,236,62,0,'232#233#234#235#237#','',1),(202,192,232,233,62,0,'234#235#236#237#238#','',1),(203,193,241,242,72,0,'239#240#','',0),(204,194,243,239,72,1,'241#242#','',0),(205,195,239,240,72,0,'241#243#','',0),(206,196,240,241,72,0,'242#243#','',0),(207,197,242,243,72,0,'239#240#','',0),(208,198,250,248,74,0,'244#246#','',0),(209,198,-1,-1,75,0,'','',0),(210,199,244,246,74,0,'248#250#','',0),(211,199,-1,-1,75,0,'','',0),(212,200,246,244,74,1,'248#250#','',0),(213,200,-1,-1,75,0,'','',0),(214,201,248,250,74,0,'244#246#','',0),(215,201,-1,-1,75,0,'','',0),(216,202,253,252,78,0,'254#256#','',1),(217,203,256,255,78,1,'253#254#','',0),(218,204,254,253,78,0,'252#255#','',0),(219,205,255,256,78,0,'252#253#','',0),(220,206,252,254,78,0,'255#256#','',0);
/*!40000 ALTER TABLE `grouptask` ENABLE KEYS */;
UNLOCK TABLES;

--
-- Table structure for table `managesetinfo`
--

DROP TABLE IF EXISTS `managesetinfo`;
/*!40101 SET @saved_cs_client     = @@character_set_client */;
/*!40101 SET character_set_client = utf8 */;
CREATE TABLE `managesetinfo` (
  `id` int(10) NOT NULL AUTO_INCREMENT,
  `classID` int(10) NOT NULL,
  `taskID` int(10) NOT NULL,
  `handleGroupID` int(10) NOT NULL,
  `aimType` int(1) NOT NULL,
  `aimStudents` varchar(50) CHARACTER SET utf8 NOT NULL,
  PRIMARY KEY (`id`)
) ENGINE=InnoDB AUTO_INCREMENT=45 DEFAULT CHARSET=latin1;
/*!40101 SET character_set_client = @saved_cs_client */;

--
-- Dumping data for table `managesetinfo`
--

LOCK TABLES `managesetinfo` WRITE;
/*!40000 ALTER TABLE `managesetinfo` DISABLE KEYS */;
INSERT INTO `managesetinfo` VALUES (5,71,172,216,0,'#100'),(6,71,172,216,1,'#100'),(7,71,172,216,2,'#100'),(8,71,172,216,3,'#100'),(9,74,200,244,0,'#97'),(10,74,200,244,1,'#97'),(11,74,200,244,2,'#97'),(12,74,200,244,3,'#97'),(13,71,169,218,0,'#88'),(14,71,169,218,1,'#55'),(15,71,169,218,2,'#55#92'),(16,71,169,218,3,'#88'),(17,62,186,235,3,'#83'),(18,62,186,235,3,'#83'),(19,62,186,235,1,'#82'),(20,62,186,235,2,'#83'),(21,62,188,232,2,'#58'),(22,62,188,232,1,'#73#72#69#58'),(23,62,188,232,3,'#58'),(24,62,189,238,3,'#84'),(25,62,189,238,2,'#84'),(26,62,189,238,2,'#84'),(27,62,189,238,2,'#84'),(28,62,189,238,1,'#70'),(29,62,190,237,0,'#60#91#86#89#90'),(30,62,190,237,1,'#60#86#89#90#91'),(31,62,190,237,1,'#60#86#89#90#91'),(32,62,190,237,2,'#91'),(33,62,190,237,2,'#91'),(34,62,190,237,2,'#91'),(35,62,190,237,3,'#91'),(36,62,190,237,3,'#91'),(37,62,191,236,2,'#76'),(38,62,191,236,3,'#63'),(39,62,191,236,1,'#63#76#77#80#79'),(40,62,191,236,0,'#77#80#79#63#76'),(41,62,192,233,3,'#59'),(42,62,192,233,2,'#59'),(43,62,192,233,1,'#59'),(44,62,192,233,0,'#59');
/*!40000 ALTER TABLE `managesetinfo` ENABLE KEYS */;
UNLOCK TABLES;

--
-- Table structure for table `scoretype`
--

DROP TABLE IF EXISTS `scoretype`;
/*!40101 SET @saved_cs_client     = @@character_set_client */;
/*!40101 SET character_set_client = utf8 */;
CREATE TABLE `scoretype` (
  `id` int(11) NOT NULL AUTO_INCREMENT,
  `typeName` varchar(20) CHARACTER SET utf8 NOT NULL,
  `handleRoal` varchar(20) CHARACTER SET utf8 NOT NULL,
  `aimRoal` varchar(20) CHARACTER SET utf8 NOT NULL,
  `rule` varchar(200) CHARACTER SET utf8 NOT NULL,
  `maxScore` int(10) NOT NULL,
  `personOrGroup` int(1) NOT NULL,
  `publicOrPrivate` int(1) NOT NULL DEFAULT '2',
  PRIMARY KEY (`id`)
) ENGINE=InnoDB AUTO_INCREMENT=34 DEFAULT CHARSET=latin1;
/*!40101 SET character_set_client = @saved_cs_client */;

--
-- Dumping data for table `scoretype`
--

LOCK TABLES `scoretype` WRITE;
/*!40000 ALTER TABLE `scoretype` DISABLE KEYS */;
INSERT INTO `scoretype` VALUES (22,'表现力','评委','答辩','答辩组的答辩表现情况',5,2,1),(23,'组织力','评委','主持人','主持组的主持能力',5,2,1),(24,'提问质量','主持人','评委','评委组的提问质量',5,2,1),(25,'报告质量','评委','答辩','报告的内容，排版是否合规范？',5,2,1),(26,'test','主持人','答辩','test',5,2,1),(27,'tss','主持人','评委','eew',5,2,1),(28,'fadfasdfadsadfasfad','主持人','答辩','adfasf',7,2,1),(29,'讲解清楚','评委','答辩','能够使听众明白游戏的设计原理及相关算法',10,2,2),(30,'开发进度','评委','答辩','0没有开发，1完成较少，2完成中等，3完成较多',3,2,2),(31,'PPT准备','评委','答辩','1--PPT制作不认真,不美观易懂,2--PPT制作认真,美观易懂',2,2,2),(32,'评委是否提问','主持人','评委','0未提问，1一个问题，2超过一个问题',2,2,2),(33,'提问质量','主持人','评委','1问题意义不大，2问题一般，3问题质量较高',3,2,2);
/*!40000 ALTER TABLE `scoretype` ENABLE KEYS */;
UNLOCK TABLES;

--
-- Table structure for table `student`
--

DROP TABLE IF EXISTS `student`;
/*!40101 SET @saved_cs_client     = @@character_set_client */;
/*!40101 SET character_set_client = utf8 */;
CREATE TABLE `student` (
  `id` int(10) NOT NULL AUTO_INCREMENT,
  `openID` varchar(40) NOT NULL,
  `realName` varchar(30) NOT NULL,
  `studentID` varchar(20) NOT NULL,
  PRIMARY KEY (`id`),
  UNIQUE KEY `openID` (`openID`)
) ENGINE=InnoDB AUTO_INCREMENT=113 DEFAULT CHARSET=utf8;
/*!40101 SET character_set_client = @saved_cs_client */;

--
-- Dumping data for table `student`
--

LOCK TABLES `student` WRITE;
/*!40000 ALTER TABLE `student` DISABLE KEYS */;
INSERT INTO `student` VALUES (55,'omCoa0dbptKRhDNpYdfNFskyJjk4','刘彬德','1130310525'),(56,'omCoa0Xm7tnv-DwYRMH9cQH-APcY','何彬德','1130310526'),(57,'omCoa0Xus4tbHKUdJWkHR64gPwIc','李新龙','1162800104'),(58,'omCoa0f2TOBUwXT-X-bYeFtcjddI','毕凡祺','1162800103'),(59,'omCoa0YqpQ8x06j0s-b65yfn4nOs','唐伟铭','1162800216'),(60,'omCoa0eum-VbHWTVBrxlD7lQAeSI','张帅','1162800203'),(61,'omCoa0fKHMpWvpKBdEkRutTcoVFI','李晓雪','1162800205'),(62,'omCoa0c5vJLwneWxM9GAQwrhKcSA','卢泽彬','1162800110'),(63,'omCoa0bbkwD1uo8xne2KNB2NaoG4','刘麦奇','1162800213'),(64,'omCoa0V3a3fBEkJBCYTnGhe1u26g','hysuperliu','443584373'),(65,'omCoa0VIF9PwkQvltTCUwpQGPhE8','兰恭伟','1130310511'),(66,'omCoa0XIQd4aLhdCnx3ZQyCpdJAg','席光明','1162800102'),(67,'omCoa0blwq-qzQRuylURSvdikxD4','黄昭汉','1162800105'),(68,'omCoa0aaM45cxbpipqVqpubGn5Zk','曹慧敏','1162800217'),(69,'omCoa0ZaiORjomRz1AhirX1_d0Zc','孟令娜','1162800117'),(70,'omCoa0TCceh6BkbLTFV-rsOPTTsY','贾瑷嘉','1162800204'),(71,'omCoa0XZ_OzpOkKfSAZcac0D-BnY','李金虎','1162800218'),(72,'omCoa0UCv8fviKugRuTNzBZ7b3Ec','刘阳','1162800106'),(73,'omCoa0ZHOapuVOTjqCj4kyLgjKP0','马科馨','1162800107'),(74,'omCoa0V1uUKEP3RfCjCRYp1QCdPs','孙笑宇','1162800207'),(75,'omCoa0YrzXFpzzCNnlpldT0ydKVk','刘涛','1162800113'),(76,'omCoa0YhFnTOakrRrPMBsQ3ai4RA','萧键航','1162800208'),(77,'omCoa0ZvcXkQMao-KbFpNeiFnYQc','曾崇哲','1162800210'),(78,'omCoa0Qi2bVZQi8AwYd3jNIG1ZmU','翁兆辰','1162800215'),(79,'omCoa0S8dQAogYxm6ryj9H7vGmS0','黄路炜','1162800212'),(80,'omCoa0eM_6HUg0YiFG2o-7b4Kryw','肖林凯','1162800211'),(81,'omCoa0T7XP2eSOeP7wewzOxAbBAQ','薛雷','1162800209'),(82,'omCoa0ZgSDeysdsB9xSvfzpgJecw','王书博','1162800101'),(83,'omCoa0eynnq9IRBBkRrEQ-1PrxzY','杨博宇','1162800108'),(84,'omCoa0Xkcdbyn6yvlj8fzKUoghlg','关舒然','1162800112'),(85,'omCoa0cKLBraA-kNR7R0eLVMJX5s','黄博华','1162800109'),(86,'omCoa0dwT897pvdC3A4vHJKVvZMk','姜云峰','1162800116'),(87,'omCoa0TwfW9J3HMRUlh7zNyFSgsc','娄和森','1162800114'),(88,'omCoa0WhxSHv2qA2lc0v4O4i3N3w','霍洪兴','1130310520'),(89,'omCoa0eVjB3bkvdrHUazcSzxYrwA','吴元侠','1162800118'),(90,'omCoa0QVsf2R6sXzgN6nREMZwVgA','马正雄','1162800206'),(91,'omCoa0a_w7CLyMkA2dFa6ShOF37o','付帅','1162800201'),(92,'omCoa0d1YGSmsZZbw3zjp6cc5fjY','刘国峰','1130310527'),(93,'omCoa0dZFrIPJGB-m4WJ_Flc-oO4','潘小飞','1308030192'),(94,'omCoa0e7X6LcPjVHCwPOZoontuHc','黄荣樟','3SZ160210213'),(95,'omCoa0Xa6LmiNmnQxn6Penbint2k','王姣','1413113330'),(96,'omCoa0WWK2eX0uNhpJDrD6wDAwks','彭岩','1110320113'),(97,'omCoa0bWpRye1oOBukLMhyBp1W1U','雷雨','13454'),(98,'omCoa0RDK0mR9tjA5HSXWKzzmhGw','唐煜','1162800202'),(99,'omCoa0dZMbnIJ0Uhpu5dKYM6gVZ0','张皓博','1162800115'),(100,'omCoa0VgwWL7SgEQ3-r2ijF0KJLY','赵总','1130310503'),(101,'omCoa0V6oO-onDXbmQyF4rgTJ7XY','李明喜','201603503730610007'),(102,'omCoa0ZESPPe1BLC53LqtZVMnkjw','杨尚斌','1130310128'),(103,'omCoa0SE4IgI33FkbDIfnH4XXWLQ','LBD','test'),(104,'omCoa0Ta5sMBT2pwm0zym7V5Y4tM','张晶尧','1130310701'),(105,'omCoa0Whwa1ITaKr5LtAUj7yvHAk','王潇濛','1130310703'),(106,'omCoa0RBR19uSFq0UYNpM8fyU928','周奇安','1130310402'),(107,'omCoa0ajLd0ICD5iPWcXJm439BYs','申泽浩','1130340105'),(108,'omCoa0d6X-K8tQvZRTbHzG-OvVqQ','黄俊峰','1143310568'),(109,'omCoa0faU_426lnyJBmFl5VQ2ZIQ','杜康音','150522006'),(110,'omCoa0c_MD_BAzb09rNPFdoxZ8U8','刘一一','wuwjwj'),(111,'omCoa0UBEtQCXxYHSyEsAp_QfdUc','张嘉伟','2016116524'),(112,'omCoa0dq5wOUdxVdgS1rjXllcKD4','刘益农','1161000222');
/*!40000 ALTER TABLE `student` ENABLE KEYS */;
UNLOCK TABLES;

--
-- Table structure for table `studentcallroll`
--

DROP TABLE IF EXISTS `studentcallroll`;
/*!40101 SET @saved_cs_client     = @@character_set_client */;
/*!40101 SET character_set_client = utf8 */;
CREATE TABLE `studentcallroll` (
  `id` int(10) NOT NULL AUTO_INCREMENT,
  `studentID` int(20) NOT NULL,
  `latitude` decimal(20,15) NOT NULL,
  `longitude` decimal(20,15) NOT NULL,
  `date` varchar(15) CHARACTER SET utf8 NOT NULL,
  `classID` int(10) NOT NULL,
  PRIMARY KEY (`id`)
) ENGINE=InnoDB AUTO_INCREMENT=76 DEFAULT CHARSET=latin1;
/*!40101 SET character_set_client = @saved_cs_client */;

--
-- Dumping data for table `studentcallroll`
--

LOCK TABLES `studentcallroll` WRITE;
/*!40000 ALTER TABLE `studentcallroll` DISABLE KEYS */;
INSERT INTO `studentcallroll` VALUES (8,55,45.740920000000000,126.627300000000000,'2017-6-7',71),(9,100,45.740850000000000,126.627210000000000,'2017-6-7',71),(10,88,45.740868000000000,126.627130000000000,'2017-6-7',71),(11,97,45.740932000000000,126.627110000000000,'2017-6-7',71),(12,92,45.741634000000000,126.630770000000000,'2017-6-7',71),(13,97,45.740940000000000,126.627190000000000,'2017-6-7',74),(14,65,45.741670000000000,126.630974000000000,'2017-6-8',71),(15,55,45.739920000000000,126.627000000000000,'2017-6-9',72),(17,55,45.803775000000000,126.534967000000000,'2017-6-11',71),(18,97,45.740900000000000,126.627180000000000,'2017-6-11',71),(19,73,45.752995000000000,126.678950000000000,'2017-6-12',62),(20,62,45.752502000000000,126.679300000000000,'2017-6-12',62),(21,89,45.752502000000000,126.679170000000000,'2017-6-12',62),(22,57,45.752350000000000,126.679200000000000,'2017-6-12',62),(23,74,45.752300000000000,126.679100000000000,'2017-6-12',62),(24,87,45.752308000000000,126.679040000000000,'2017-6-12',62),(25,61,45.752440000000000,126.681480000000000,'2017-6-12',62),(26,58,45.752300000000000,126.679200000000000,'2017-6-12',62),(27,59,45.752415000000000,126.679016000000000,'2017-6-12',62),(28,72,45.752995000000000,126.678950000000000,'2017-6-12',62),(29,86,45.752350000000000,126.679200000000000,'2017-6-12',62),(30,76,45.749570000000000,126.680200000000000,'2017-6-12',62),(31,91,45.753124000000000,126.678920000000000,'2017-6-12',62),(32,63,45.752110000000000,126.679300000000000,'2017-6-12',62),(33,85,45.752180000000000,126.678250000000000,'2017-6-12',62),(34,84,45.752995000000000,126.678950000000000,'2017-6-12',62),(35,80,45.752575000000000,126.679146000000000,'2017-6-12',62),(36,99,45.753124000000000,126.678920000000000,'2017-6-12',62),(37,79,45.752537000000000,126.679000000000000,'2017-6-12',62),(38,77,45.752518000000000,126.679000000000000,'2017-6-12',62),(39,71,45.752300000000000,126.679040000000000,'2017-6-12',62),(40,70,45.752350000000000,126.679100000000000,'2017-6-12',62),(41,98,45.752583000000000,126.679214000000000,'2017-6-12',62),(42,90,45.752216000000000,126.678760000000000,'2017-6-12',62),(43,67,45.752370000000000,126.679200000000000,'2017-6-12',62),(44,92,45.740833000000000,126.627350000000000,'2017-6-12',71),(45,73,45.752426000000000,126.679330000000000,'2017-6-14',62),(46,71,45.752450000000000,126.679000000000000,'2017-6-14',62),(47,60,45.752304000000000,126.679060000000000,'2017-6-14',62),(48,86,45.752520000000000,126.679200000000000,'2017-6-14',62),(49,91,45.753002000000000,126.678950000000000,'2017-6-14',62),(50,76,45.752400000000000,126.678900000000000,'2017-6-14',62),(51,78,45.750984000000000,126.684290000000000,'2017-6-14',62),(52,67,45.752420000000000,126.679100000000000,'2017-6-14',62),(53,70,45.752410000000000,126.679100000000000,'2017-6-14',62),(54,62,45.752410000000000,126.679380000000000,'2017-6-14',62),(55,85,45.752400000000000,126.679184000000000,'2017-6-14',62),(56,90,45.752400000000000,126.679520000000000,'2017-6-14',62),(57,57,45.752510000000000,126.679320000000000,'2017-6-14',62),(58,87,45.752304000000000,126.679060000000000,'2017-6-14',62),(59,72,45.753162000000000,126.678925000000000,'2017-6-14',62),(60,63,45.754720000000000,126.680500000000000,'2017-6-14',62),(61,80,45.752250000000000,126.679050000000000,'2017-6-14',62),(62,58,45.752410000000000,126.679100000000000,'2017-6-14',62),(63,89,45.752403000000000,126.679360000000000,'2017-6-14',62),(64,99,45.752210000000000,126.678390000000000,'2017-6-14',62),(65,84,45.753162000000000,126.678925000000000,'2017-6-14',62),(66,79,45.752323000000000,126.679030000000000,'2017-6-14',62),(67,61,45.754177000000000,126.677376000000000,'2017-6-14',62),(68,59,45.752210000000000,126.678390000000000,'2017-6-14',62),(69,74,45.752410000000000,126.679200000000000,'2017-6-14',62),(70,98,45.752453000000000,126.679310000000000,'2017-6-14',62),(71,102,45.742790000000000,126.630170000000000,'2017-6-18',78),(72,104,45.740520000000000,126.627900000000000,'2017-6-18',78),(73,105,45.741512000000000,126.631874000000000,'2017-6-18',78),(74,106,45.740482000000000,126.627780000000000,'2017-6-18',78),(75,56,45.803775000000000,126.534967000000000,'2017-6-18',78);
/*!40000 ALTER TABLE `studentcallroll` ENABLE KEYS */;
UNLOCK TABLES;

--
-- Table structure for table `studentselectclass`
--

DROP TABLE IF EXISTS `studentselectclass`;
/*!40101 SET @saved_cs_client     = @@character_set_client */;
/*!40101 SET character_set_client = utf8 */;
CREATE TABLE `studentselectclass` (
  `id` int(11) NOT NULL AUTO_INCREMENT,
  `studentID` int(11) NOT NULL,
  `classID` int(11) NOT NULL,
  `hasgroup` int(2) NOT NULL DEFAULT '0',
  PRIMARY KEY (`id`),
  UNIQUE KEY `studentID` (`studentID`,`classID`)
) ENGINE=InnoDB AUTO_INCREMENT=98 DEFAULT CHARSET=utf8;
/*!40101 SET character_set_client = @saved_cs_client */;

--
-- Dumping data for table `studentselectclass`
--

LOCK TABLES `studentselectclass` WRITE;
/*!40000 ALTER TABLE `studentselectclass` DISABLE KEYS */;
INSERT INTO `studentselectclass` VALUES (29,55,63,1),(30,55,71,1),(31,56,63,1),(32,57,62,1),(33,59,62,1),(34,58,62,1),(37,60,62,1),(38,61,62,1),(39,62,62,1),(40,63,62,1),(41,55,62,0),(42,66,62,1),(43,67,62,1),(44,68,62,1),(46,69,62,1),(47,70,62,1),(48,71,62,1),(49,72,62,1),(50,73,62,1),(51,74,62,1),(52,75,62,1),(53,76,62,1),(54,77,62,1),(55,78,62,1),(56,79,62,1),(57,80,62,1),(58,81,62,1),(59,82,62,1),(61,83,62,1),(62,84,62,1),(63,85,62,1),(64,86,62,1),(65,87,62,1),(66,88,71,1),(67,89,62,1),(68,90,62,1),(69,91,62,1),(70,92,71,1),(77,55,72,1),(81,55,74,1),(82,97,74,1),(83,92,74,1),(84,88,74,1),(85,98,62,1),(86,99,62,1),(87,100,71,1),(88,97,71,1),(89,65,71,1),(90,65,72,1),(91,102,78,0),(92,103,78,1),(93,104,78,1),(94,105,78,1),(95,106,78,0),(96,56,78,1),(97,92,78,0);
/*!40000 ALTER TABLE `studentselectclass` ENABLE KEYS */;
UNLOCK TABLES;

--
-- Table structure for table `task`
--

DROP TABLE IF EXISTS `task`;
/*!40101 SET @saved_cs_client     = @@character_set_client */;
/*!40101 SET character_set_client = utf8 */;
CREATE TABLE `task` (
  `id` int(11) NOT NULL AUTO_INCREMENT,
  `taskName` varchar(100) NOT NULL,
  `taskTime` varchar(10) NOT NULL,
  `courseID` int(10) NOT NULL,
  PRIMARY KEY (`id`)
) ENGINE=InnoDB AUTO_INCREMENT=207 DEFAULT CHARSET=utf8;
/*!40101 SET character_set_client = @saved_cs_client */;

--
-- Dumping data for table `task`
--

LOCK TABLES `task` WRITE;
/*!40000 ALTER TABLE `task` DISABLE KEYS */;
INSERT INTO `task` VALUES (159,'计算机','2017-6-6',53),(160,'今生今世','2017-6-18',53),(162,'第一章 物质的进化和生命的演变','2017-5-7',53),(163,'第二章 我来自哪里','2017-5-8',53),(169,'是','2017-5-14',60),(170,'是他','2017-5-14',60),(171,'是我啊','2017-5-14',60),(172,'是他啊','2017-5-14',60),(186,'Sudoku','2017-6-12',52),(187,'Crossword','2017-6-12',52),(188,'Blockies','2017-6-12',52),(189,'Cube Crash','2017-6-12',52),(190,'Bubble Shooter','2017-6-14',52),(191,'Connection Game','2017-6-14',52),(192,'Maze Game','2017-6-14',52),(193,'1','2017-6-30',61),(194,'2','2017-6-2',61),(195,'3','2017-5-31',61),(196,'4','2017-5-31',61),(197,'55','2017-5-31',61),(198,'yy','2017-6-5',63),(199,'uu','2017-6-5',63),(200,'up','2017-6-30',63),(201,'yhh','2017-6-14',63),(202,'第一章','2017-6-16',67),(203,'第二章','2017-6-16',67),(204,'第三章','2017-6-16',67),(205,'第四章','2017-6-16',67),(206,'第五章','2017-6-16',67);
/*!40000 ALTER TABLE `task` ENABLE KEYS */;
UNLOCK TABLES;

--
-- Table structure for table `taskrater`
--

DROP TABLE IF EXISTS `taskrater`;
/*!40101 SET @saved_cs_client     = @@character_set_client */;
/*!40101 SET character_set_client = utf8 */;
CREATE TABLE `taskrater` (
  `id` int(10) NOT NULL AUTO_INCREMENT,
  `groupID` int(10) NOT NULL,
  `grouptaskID` int(10) NOT NULL,
  `classID` int(10) NOT NULL,
  PRIMARY KEY (`id`)
) ENGINE=InnoDB DEFAULT CHARSET=latin1;
/*!40101 SET character_set_client = @saved_cs_client */;

--
-- Dumping data for table `taskrater`
--

LOCK TABLES `taskrater` WRITE;
/*!40000 ALTER TABLE `taskrater` DISABLE KEYS */;
/*!40000 ALTER TABLE `taskrater` ENABLE KEYS */;
UNLOCK TABLES;

--
-- Table structure for table `teacher`
--

DROP TABLE IF EXISTS `teacher`;
/*!40101 SET @saved_cs_client     = @@character_set_client */;
/*!40101 SET character_set_client = utf8 */;
CREATE TABLE `teacher` (
  `id` int(11) NOT NULL AUTO_INCREMENT,
  `openID` varchar(50) NOT NULL,
  `realName` varchar(50) NOT NULL,
  `email` varchar(50) NOT NULL,
  PRIMARY KEY (`id`),
  UNIQUE KEY `openID` (`openID`)
) ENGINE=InnoDB AUTO_INCREMENT=29 DEFAULT CHARSET=utf8;
/*!40101 SET character_set_client = @saved_cs_client */;

--
-- Dumping data for table `teacher`
--

LOCK TABLES `teacher` WRITE;
/*!40000 ALTER TABLE `teacher` DISABLE KEYS */;
INSERT INTO `teacher` VALUES (26,'omCoa0Xm7tnv-DwYRMH9cQH-APcY','金三木','hysuperliu@foxmail.com'),(27,'omCoa0XuZeqwMRJdt85BQt2FMEoE','刘旭东','cameran@hit.edu.cn');
/*!40000 ALTER TABLE `teacher` ENABLE KEYS */;
UNLOCK TABLES;

--
-- Table structure for table `teachercallroll`
--

DROP TABLE IF EXISTS `teachercallroll`;
/*!40101 SET @saved_cs_client     = @@character_set_client */;
/*!40101 SET character_set_client = utf8 */;
CREATE TABLE `teachercallroll` (
  `id` int(10) NOT NULL AUTO_INCREMENT,
  `classID` int(10) NOT NULL,
  `date` varchar(15) NOT NULL,
  `studentID` int(10) NOT NULL,
  `state` int(1) NOT NULL DEFAULT '1',
  `d` int(10) NOT NULL DEFAULT '0',
  PRIMARY KEY (`id`)
) ENGINE=InnoDB AUTO_INCREMENT=111 DEFAULT CHARSET=latin1;
/*!40101 SET character_set_client = @saved_cs_client */;

--
-- Dumping data for table `teachercallroll`
--

LOCK TABLES `teachercallroll` WRITE;
/*!40000 ALTER TABLE `teachercallroll` DISABLE KEYS */;
INSERT INTO `teachercallroll` VALUES (11,71,'2017-6-7',55,0,12),(12,71,'2017-6-7',88,0,9),(13,71,'2017-6-7',92,2,400),(14,71,'2017-6-7',100,1,0),(15,71,'2017-6-7',97,0,13),(16,72,'2017-6-9',55,1,104),(17,72,'2017-6-9',65,2,0),(24,71,'2017-6-11',55,1,0),(25,71,'2017-6-11',88,0,11),(26,71,'2017-6-11',92,0,8),(27,71,'2017-6-11',100,1,0),(28,71,'2017-6-11',97,2,11082),(29,71,'2017-6-11',65,1,0),(30,62,'2017-6-12',57,0,469),(31,62,'2017-6-12',59,0,453),(32,62,'2017-6-12',58,0,472),(33,62,'2017-6-12',60,0,0),(34,62,'2017-6-12',61,0,653),(35,62,'2017-6-12',62,0,468),(36,62,'2017-6-12',63,0,489),(37,62,'2017-6-12',55,0,0),(38,62,'2017-6-12',66,0,0),(39,62,'2017-6-12',67,0,0),(40,62,'2017-6-12',68,0,0),(41,62,'2017-6-12',69,0,0),(42,62,'2017-6-12',70,0,0),(43,62,'2017-6-12',71,0,0),(44,62,'2017-6-12',72,0,418),(45,62,'2017-6-12',73,0,418),(46,62,'2017-6-12',74,0,465),(47,62,'2017-6-12',75,0,0),(48,62,'2017-6-12',76,0,684),(49,62,'2017-6-12',77,0,0),(50,62,'2017-6-12',78,0,0),(51,62,'2017-6-12',79,0,0),(52,62,'2017-6-12',80,0,0),(53,62,'2017-6-12',81,0,0),(54,62,'2017-6-12',82,0,0),(55,62,'2017-6-12',83,0,0),(56,62,'2017-6-12',84,0,0),(57,62,'2017-6-12',85,0,423),(58,62,'2017-6-12',86,0,469),(59,62,'2017-6-12',87,0,461),(60,62,'2017-6-12',89,0,459),(61,62,'2017-6-12',90,0,0),(62,62,'2017-6-12',91,0,409),(63,62,'2017-6-12',98,0,0),(64,62,'2017-6-12',99,0,0),(65,62,'2017-6-14',57,2,0),(66,62,'2017-6-14',59,2,0),(67,62,'2017-6-14',58,2,0),(68,62,'2017-6-14',60,0,49),(69,62,'2017-6-14',61,2,0),(70,62,'2017-6-14',62,1,63),(71,62,'2017-6-14',63,2,0),(72,62,'2017-6-14',55,2,0),(73,62,'2017-6-14',66,2,0),(74,62,'2017-6-14',67,0,43),(75,62,'2017-6-14',68,2,0),(76,62,'2017-6-14',69,2,0),(77,62,'2017-6-14',70,0,43),(78,62,'2017-6-14',71,0,38),(79,62,'2017-6-14',72,2,0),(80,62,'2017-6-14',73,1,58),(81,62,'2017-6-14',74,2,0),(82,62,'2017-6-14',75,2,0),(83,62,'2017-6-14',76,0,41),(84,62,'2017-6-14',77,2,0),(85,62,'2017-6-14',78,2,610),(86,62,'2017-6-14',79,2,0),(87,62,'2017-6-14',80,2,0),(88,62,'2017-6-14',81,2,0),(89,62,'2017-6-14',82,2,0),(90,62,'2017-6-14',83,2,0),(91,62,'2017-6-14',84,2,0),(92,62,'2017-6-14',85,0,48),(93,62,'2017-6-14',86,0,43),(94,62,'2017-6-14',87,2,0),(95,62,'2017-6-14',89,2,0),(96,62,'2017-6-14',90,2,0),(97,62,'2017-6-14',91,2,0),(98,62,'2017-6-14',98,2,0),(99,62,'2017-6-14',99,2,0),(100,78,'2017-6-16',102,0,458),(101,78,'2017-6-16',103,0,0),(102,78,'2017-6-16',104,0,164),(103,78,'2017-6-16',105,2,598),(104,78,'2017-6-16',106,1,151),(105,78,'2017-6-18',102,2,467),(106,78,'2017-6-18',103,0,0),(107,78,'2017-6-18',104,1,173),(108,78,'2017-6-18',105,2,609),(109,78,'2017-6-18',106,0,160),(110,78,'2017-6-18',56,2,11068);
/*!40000 ALTER TABLE `teachercallroll` ENABLE KEYS */;
UNLOCK TABLES;

--
-- Table structure for table `teachercallrollconfirm`
--

DROP TABLE IF EXISTS `teachercallrollconfirm`;
/*!40101 SET @saved_cs_client     = @@character_set_client */;
/*!40101 SET character_set_client = utf8 */;
CREATE TABLE `teachercallrollconfirm` (
  `id` int(10) NOT NULL AUTO_INCREMENT,
  `classID` int(10) NOT NULL,
  `date` varchar(20) CHARACTER SET utf8 NOT NULL,
  PRIMARY KEY (`id`)
) ENGINE=InnoDB AUTO_INCREMENT=15 DEFAULT CHARSET=latin1;
/*!40101 SET character_set_client = @saved_cs_client */;

--
-- Dumping data for table `teachercallrollconfirm`
--

LOCK TABLES `teachercallrollconfirm` WRITE;
/*!40000 ALTER TABLE `teachercallrollconfirm` DISABLE KEYS */;
INSERT INTO `teachercallrollconfirm` VALUES (9,71,'2017-6-7'),(10,62,'2017-6-12'),(11,62,'2017-6-12'),(12,62,'2017-6-12'),(13,78,'2017-6-16'),(14,78,'2017-6-18');
/*!40000 ALTER TABLE `teachercallrollconfirm` ENABLE KEYS */;
UNLOCK TABLES;
/*!40103 SET TIME_ZONE=@OLD_TIME_ZONE */;

/*!40101 SET SQL_MODE=@OLD_SQL_MODE */;
/*!40014 SET FOREIGN_KEY_CHECKS=@OLD_FOREIGN_KEY_CHECKS */;
/*!40014 SET UNIQUE_CHECKS=@OLD_UNIQUE_CHECKS */;
/*!40101 SET CHARACTER_SET_CLIENT=@OLD_CHARACTER_SET_CLIENT */;
/*!40101 SET CHARACTER_SET_RESULTS=@OLD_CHARACTER_SET_RESULTS */;
/*!40101 SET COLLATION_CONNECTION=@OLD_COLLATION_CONNECTION */;
/*!40111 SET SQL_NOTES=@OLD_SQL_NOTES */;

-- Dump completed on 2017-07-02 11:45:08
